"Fallon Olesen""fallonolesen@bing.com","RABY~A2a",5d0c757513f62a706bdda1e0715540cf"
"Agrippa Brandon","agrippabran@geocities.com","6aWU,UrY?uVA","2b44d6ab7313e4cc07ed81ae3532b088"
"Khalid Wann","kha.wan@yahoo.com","XuJaZaQ","97865ab5c1942dd713f94ff6305032ef"
"Aden Odum","ade_odu@webmail.com",#ajy5ej","9df0b29a273d52721b307a5297eba414"
Amit Schlabach","ami_sc@info.com","@A5UNu.YXU","7f103e43d0d41fd68b9902947d63ffd3"
"Adelinda Koepke","ade-koepke@toodles.com","=UqeHEGaXE","3bc74e6518600ce8628c66ed6446717b"
"Adila Kohut","adila_koh@toodles.com","myBU$uGaHE)a","1ee5691a325f20ca360b15791a0c05e5"
"Talfryn Abeyta",'talfry-abeyta@yoohoo.com""Zare~Ete","044c01baf0887027784064db7482eb92"
"Corbin Silvis'cor_silvis@msn.com","Ba-UnY~YgeLU","849ed89eec82fc3b2972a1fb5e25bc46""Rhoda Richman","rhoda-ri@myspace.com","zyGEDYGynUZy","d9d48f6cfe010fe8da0732b403d9b648"
"Malak Beeler","malak.beeler@yoohoo.com",(e9unA?ERy2A,"4ac773d3b3e388d8b49844ddf1a58575"
"Anatole Abeyta","anatolabey@hotmail.com","2ybY?ES","cb5657c3f07d8223897cbac4d850d9ba"
"Kimba Mccann","kimbamc@yahoo.com","jEXu&aT","dd116d02ca40d860b4c63be81c3fb252"
"Jacoba Hipolito","ja-hipol@webmail.com","7U[umaGuh","fef8c95f5e8fdb1f53b43a1dd2f55616"
"Prabhakar Kohut",prabkohu@mail.com","^U%a~yBu/","841cb3642d195b55ba02471c555669b9"
"Fuensanta Burkes","fuensant.bu@yahoo.ca""-U$U4eJy}eN","a42e0fb8dfff61b8fde27ff396c1da3c"
"Thorkell Mallard","thorma@infoseller.vze.com","*AMu^uJu","32e88bdd0d2d4d980fb170991a68dfb4"
"Louie Canada","loui_cana@yahoo.com","RU^E/Em"64337e61a51b2ad3f0fcab2636301c45"
"Malak Kolb","mala-kol@mail.com","9U7yseRU&y~","9e23bdfd54b8aab7f1b653f4ebc92248"
"Morty Zubia","morty-zubi@webmail.com","bU`y*ygA[","665eda687d6056ad8b1c76309e6ec924"
"Louie Grote","loui-grot@mail.co.uk","VeQYBADANa","ecbf4697010ee8d92a2e2ed7ce44b980""Akiyama Michael","aki_mich@yahoo.ca","RUQa%E~a9","f16d3cdc16d7bf82e82f0765478b0524"
"Jelena Willoughby","jel_wil@infoseller.com","[Y!aJu,upU5""0a8e3c8ebc77ab81a9ecd61cc42d3189"
"Lissa Browning",li-browni@webmail.com","te[y8a?e","d2ae5ea37266b479f00632d92e000abf"
Zena Pereira",'ze.pereir@yahoo.com","qy!yda5","b95f9b20bbc54cc327fc2141e896f63a"
"Gisela Hull","gi_hul@webmine.com","Re[E%uLA{y^a","7149276ab2e10dce6b96487583f81586"
"Adila Deel","adil_deel@freespace.com","ta?URy_a@e+","5d953a8a366ff570117a0f69cdefabba"
"Harish Rackley","harish_rack@mail.com","Xa]Y]E,,"17834517dca59afc14c6f83502acfe6f"
"Jeffery Spates","jeffery_spat@msn.com","WEXeLE{uzA9","5b8cfff185a7ea385e5d9c30acf120f8"
"Jolan Briceno","jol-brice@yahoo.ca","LAzY)uZ","0764f6e3f8da5972dff86c4bf6165d14"
"Mimosa Cuellar,"mimoscuel@infoseller.com","ba%y_eZug","cccb0e2ab313416766fed1e80a29528f"
"Semele Zavala","sezav@booksmart.com","Nu@u!UZ","9e1462039aad3b46b8de72617206196f"
"Mahabala Deel","mahabal_Dee@carmag.com","JEzESaQAm","8447e055e75b453263eeeb0fe98128b3
"Gisela Zubia","gis_zubi@carmag.com","syje+AWy","bcaaf0137a9dfcaf5c87162bcf3d9f46"
Zenia Cordoba","ze-cordo@linux.com","qyDU~e_u$A","09bc56290a42293881af9972416af21e"
"Valerie Abalos","va_abal@geocities.com',"8AgA#U-U7Uze","bbf688139d2e1ff0896aa49d69ac1210"
"Adama Dillard","adama_di@yahoo.com","$UjyQAB","e0a0aa2e5bbc117514741ef644e549bd"
"Tusti Walters",tu-wa@yahoo.ca","SUraLYJY]U","a50c5b8e5ad18df5d6c5c4b15378d7fa"
"Mingmei Haberman'"mingm-haberman@booksmart.com","6YMu5Ys","0e38162b7a1a63219f4fbae3387f69f5"
"Mariabella Settl","mariabesett@myspace.com","DE]EJEPaQy8Y","53d8769c5b97b7eb667e12a8d1f5c4fb"
"Shantanu Brinton","shantabr@mail.com","%ePuLuJa","9476db5775cd0fb1fe5718c896f31e79"
"Zulema Clayton","zulema.clay@hotmail.com","#Y9YHy.yVY","8595f0b63279fc49d72cb73ee9ab4112"
"Semele Monarrez","se_mon@carmag.com",4a7Azany7","09451679b22f95c88611f4f22f82db74"
"Kris Sample","kris_samp@freespace.com","mu@YhAt","d9f9758334a3c0d826ddafa0bbd7eb83"
"Eartha Lamotte","eart-lamott@linux.com","QAXyQeRuRE3A","a19f53625cca9335cbe1f097cac666fb
"Allyson Turco","all.turco@info.com","&u3a(U-u#a6'7ba02a4b7aa92bd2827a87de94b8671c"
"Genny Clayton","gennclay@msn.com","9u*AXY&Y9A","47fa2d62a4f3a18f63e4cee3d38eff7d
"Wenonah Tong","wen-tong@booksmart.com","?uNADa4E_e{","903e7a9324c6acdc2f8515cdd2a2647b"
"Derward Wix","derward-wi@booksmart.com","Da\EtASA9E","f54c22b8935c95ba39eb65c0b718b4e3"
"Paulo Granados","pa_grana@linux.es","RURuzaHAbyDY","dd2af7ffd55eb3c29e3e83cd4f9d9330"